city:scottsboro	citylocatedinstate	stateorprovince:alabama	http://dbpedia.org/resource/Scottsboro,_Alabama	http://dbpedia.org/resource/Alabama	http://dbpedia.org/resource/Scottsboro,_Alabama	http://dbpedia.org/resource/Alabama	C
city:sylmar	citylocatedinstate	stateorprovince:california	http://dbpedia.org/resource/Sylmar,_Los_Angeles	http://dbpedia.org/resource/California	http://dbpedia.org/resource/Sylmar,_Los_Angeles	http://dbpedia.org/resource/California	C
city:sumner	citylocatedinstate	stateorprovince:tennessee	http://dbpedia.org/resource/Sumner_County,_Tennessee	http://dbpedia.org/resource/Tennessee	http://dbpedia.org/resource/Sumner_County,_Tennessee	http://dbpedia.org/resource/Tennessee	IC
city:logansport	citylocatedinstate	stateorprovince:indiana	http://dbpedia.org/resource/Logansport,_Indiana	http://dbpedia.org/resource/Indiana	http://dbpedia.org/resource/Logansport,_Indiana	http://dbpedia.org/resource/Indiana	C
city:fountain_valley	citylocatedinstate	stateorprovince:california	http://dbpedia.org/resource/Fountain_Valley,_California	http://dbpedia.org/resource/California	http://dbpedia.org/resource/Fountain_Valley,_California	http://dbpedia.org/resource/California	C
city:vineyard_haven	citylocatedinstate	stateorprovince:massachusetts	http://dbpedia.org/resource/Vineyard_Haven,_Massachusetts	http://dbpedia.org/resource/Massachusetts	http://dbpedia.org/resource/Vineyard_Haven,_Massachusetts	http://dbpedia.org/resource/Massachusetts	C
city:cortland	citylocatedinstate	stateorprovince:new_york	http://dbpedia.org/resource/Cortland_County,_New_York	http://dbpedia.org/resource/New_York	http://dbpedia.org/resource/Cortland_County,_New_York	http://dbpedia.org/resource/New_York	IC
city:north_miami_beach	citylocatedinstate	stateorprovince:florida	http://dbpedia.org/resource/North_Miami_Beach,_Florida	http://dbpedia.org/resource/Florida	http://dbpedia.org/resource/North_Miami_Beach,_Florida	http://dbpedia.org/resource/Florida	C
city:norwich	citylocatedinstate	stateorprovince:connecticut	http://dbpedia.org/resource/Norwich	http://dbpedia.org/resource/Connecticut	http://dbpedia.org/resource/Norwich,_Connecticut	http://dbpedia.org/resource/Connecticut	C
city:canton	citylocatedinstate	stateorprovince:michigan	http://dbpedia.org/resource/Cantons_of_France	http://dbpedia.org/resource/Michigan	http://dbpedia.org/resource/Canton,_Michigan	http://dbpedia.org/resource/Michigan	C
city:wilmington	citylocatedinstate	stateorprovince:nc	http://dbpedia.org/resource/Wilmington,_Delaware	http://dbpedia.org/resource/North_Carolina	http://dbpedia.org/resource/Wilmington,_North_Carolina	http://dbpedia.org/resource/North_Carolina	C
city:urbandale	citylocatedinstate	stateorprovince:iowa	http://dbpedia.org/resource/Urbandale,_Iowa	http://dbpedia.org/resource/Iowa	http://dbpedia.org/resource/Urbandale,_Iowa	http://dbpedia.org/resource/Iowa	C
city:makawao	citylocatedinstate	stateorprovince:hawaii	http://dbpedia.org/resource/Makawao,_Hawaii	http://dbpedia.org/resource/Hawaii	http://dbpedia.org/resource/Makawao,_Hawaii	http://dbpedia.org/resource/Hawaii	C
city:kuching	citylocatedinstate	stateorprovince:sarawak	http://dbpedia.org/resource/Kuching	http://dbpedia.org/resource/Sarawak	http://dbpedia.org/resource/Kuching	http://dbpedia.org/resource/Sarawak	C
city:arkadelphia	citylocatedinstate	stateorprovince:arkansas	http://dbpedia.org/resource/Arkadelphia,_Arkansas	http://dbpedia.org/resource/Arkansas	http://dbpedia.org/resource/Arkadelphia,_Arkansas	http://dbpedia.org/resource/Arkansas	C
city:shreveport	citylocatedinstate	stateorprovince:louisiana	http://dbpedia.org/resource/Shreveport,_Louisiana	http://dbpedia.org/resource/Louisiana	http://dbpedia.org/resource/Shreveport,_Louisiana	http://dbpedia.org/resource/Louisiana	C
city:childress	citylocatedinstate	stateorprovince:texas	http://dbpedia.org/resource/Childress,_Texas	http://dbpedia.org/resource/Texas	http://dbpedia.org/resource/Childress,_Texas	http://dbpedia.org/resource/Texas	C
city:collinsville	citylocatedinstate	stateorprovince:virginia	http://dbpedia.org/resource/Collinsville,_Illinois	http://dbpedia.org/resource/Virgínia	http://dbpedia.org/resource/Collinsville,_Virginia	http://dbpedia.org/resource/Collinsville,_Virginia	C
city:clearfield	citylocatedinstate	stateorprovince:utah	http://dbpedia.org/resource/Clearfield_County,_Pennsylvania	http://dbpedia.org/resource/Utah	http://dbpedia.org/resource/Clearfield,_Utah	http://dbpedia.org/resource/Utah	C
city:ennis	citylocatedinstate	stateorprovince:texas	http://dbpedia.org/resource/Ennis	http://dbpedia.org/resource/Texas	http://dbpedia.org/resource/Ennis,_Texas	http://dbpedia.org/resource/Texas	C
city:baltimore	citylocatedinstate	stateorprovince:maryland	http://dbpedia.org/resource/Baltimore	http://dbpedia.org/resource/Maryland	http://dbpedia.org/resource/Baltimore	http://dbpedia.org/resource/Maryland	C
city:pea_ridge	citylocatedinstate	stateorprovince:west_virginia	http://dbpedia.org/resource/Pea_Ridge,_Arkansas	http://dbpedia.org/resource/West_Virginia	http://dbpedia.org/resource/Pea_Ridge,_West_Virginia	http://dbpedia.org/resource/West_Virginia	C
city:silver_springs	citylocatedinstate	stateorprovince:nevada	http://dbpedia.org/resource/Silver_Springs,_Florida	http://dbpedia.org/resource/Nevada	http://dbpedia.org/resource/Silver_Springs,_Nevada	http://dbpedia.org/resource/Nevada	C
city:alford	citylocatedinstate	stateorprovince:florida	http://dbpedia.org/resource/Alford,_Lincolnshire	http://dbpedia.org/resource/Florida	http://dbpedia.org/resource/Alford,_Florida	http://dbpedia.org/resource/Florida	C
city:aniak	citylocatedinstate	stateorprovince:alaska	http://dbpedia.org/resource/Aniak,_Alaska	http://dbpedia.org/resource/Alaska	http://dbpedia.org/resource/Aniak,_Alaska	http://dbpedia.org/resource/Alaska	C
city:auberry	citylocatedinstate	stateorprovince:california	http://dbpedia.org/resource/Auberry,_California	http://dbpedia.org/resource/California	http://dbpedia.org/resource/Auberry,_California	http://dbpedia.org/resource/California	C
city:albrightsville	citylocatedinstate	stateorprovince:pennsylvania	http://dbpedia.org/resource/Albrightsville,_Pennsylvania	http://dbpedia.org/resource/Pennsylvania	http://dbpedia.org/resource/Albrightsville,_Pennsylvania	http://dbpedia.org/resource/Pennsylvania	C
city:conway	citylocatedinstate	stateorprovince:arkansas	http://dbpedia.org/resource/Conway,_Arkansas	http://dbpedia.org/resource/Arkansas	http://dbpedia.org/resource/Conway,_Arkansas	http://dbpedia.org/resource/Arkansas	C
city:fort_worth	citylocatedinstate	stateorprovince:texas	http://dbpedia.org/resource/Fort_Worth,_Texas	http://dbpedia.org/resource/Texas	http://dbpedia.org/resource/Fort_Worth,_Texas	http://dbpedia.org/resource/Texas	C
city:absaraka	citylocatedinstate	stateorprovince:north_dakota	http://dbpedia.org/resource/Absaraka,_North_Dakota	http://dbpedia.org/resource/North_Dakota	http://dbpedia.org/resource/Absaraka,_North_Dakota	http://dbpedia.org/resource/North_Dakota	C
city:asotin	citylocatedinstate	stateorprovince:washington	http://dbpedia.org/resource/Asotin_County,_Washington	http://dbpedia.org/resource/Washington_(state)	http://dbpedia.org/resource/Asotin,_Washington	http://dbpedia.org/resource/Washington_(state)	C
city:redding	citylocatedinstate	stateorprovince:connecticut	http://dbpedia.org/resource/Redding,_California	http://dbpedia.org/resource/Connecticut	http://dbpedia.org/resource/Redding,_Connecticut	http://dbpedia.org/resource/Connecticut	C
city:beverly	citylocatedinstate	stateorprovince:new_jersey	http://dbpedia.org/resource/Beverly,_Massachusetts	http://dbpedia.org/resource/New_Jersey	http://dbpedia.org/resource/Beverly,_New_Jersey	http://dbpedia.org/resource/New_Jersey	C
city:kenton	citylocatedinstate	stateorprovince:kentucky	http://dbpedia.org/resource/Kenton_County,_Kentucky	http://dbpedia.org/resource/Kentucky	http://dbpedia.org/resource/Kenton_County,_Kentucky	http://dbpedia.org/resource/Kentucky	IC
city:kelso	citylocatedinstate	stateorprovince:washington	http://dbpedia.org/resource/Kelso,_Scottish_Borders	http://dbpedia.org/resource/Washington_(state)	http://dbpedia.org/resource/Kelso,_Washington	http://dbpedia.org/resource/Washington_(state)	C
city:le_mars	citylocatedinstate	stateorprovince:iowa	http://dbpedia.org/resource/Le_Mars,_Iowa	http://dbpedia.org/resource/Iowa	http://dbpedia.org/resource/Le_Mars,_Iowa	http://dbpedia.org/resource/Iowa	C
city:area	citylocatedinstate	stateorprovince:pennsylvania	http://dbpedia.org/resource/Geography_of_India	http://dbpedia.org/resource/Pennsylvania	?	http://dbpedia.org/resource/Pennsylvania	IC
city:leawood	citylocatedinstate	stateorprovince:kansas	http://dbpedia.org/resource/Leawood,_Kansas	http://dbpedia.org/resource/Kansas	http://dbpedia.org/resource/Leawood,_Kansas	http://dbpedia.org/resource/Kansas	C
city:dubois	citylocatedinstate	stateorprovince:indiana	http://dbpedia.org/resource/DuBois,_Pennsylvania	http://dbpedia.org/resource/Indiana	http://dbpedia.org/resource/Dubois_County,_Indiana	http://dbpedia.org/resource/Indiana	IC
city:rockford	citylocatedinstate	stateorprovince:illinois	http://dbpedia.org/resource/Rockford,_Illinois	http://dbpedia.org/resource/Illinois	http://dbpedia.org/resource/Rockford,_Illinois	http://dbpedia.org/resource/Illinois	C
city:belchertown	citylocatedinstate	stateorprovince:massachusetts	http://dbpedia.org/resource/Belchertown,_Massachusetts	http://dbpedia.org/resource/Massachusetts	http://dbpedia.org/resource/Belchertown,_Massachusetts	http://dbpedia.org/resource/Massachusetts	C
city:west_springfield	citylocatedinstate	stateorprovince:massachusetts	http://dbpedia.org/resource/West_Springfield,_Massachusetts	http://dbpedia.org/resource/Massachusetts	http://dbpedia.org/resource/West_Springfield,_Massachusetts	http://dbpedia.org/resource/Massachusetts	C
city:tualatin	citylocatedinstate	stateorprovince:oregon	http://dbpedia.org/resource/Tualatin,_Oregon	http://dbpedia.org/resource/Oregon	http://dbpedia.org/resource/Tualatin,_Oregon	http://dbpedia.org/resource/Oregon	C
city:midland	citylocatedinstate	stateorprovince:washington	http://dbpedia.org/resource/Midland,_Texas	http://dbpedia.org/resource/Washington_(state)	http://dbpedia.org/resource/Midland,_Washington	http://dbpedia.org/resource/Washington_(state)	C
city:palm_bay	citylocatedinstate	stateorprovince:florida	http://dbpedia.org/resource/Palm_Bay,_Florida	http://dbpedia.org/resource/Florida	http://dbpedia.org/resource/Palm_Bay,_Florida	http://dbpedia.org/resource/Florida	C
city:sterling	citylocatedinstate	stateorprovince:alaska	http://dbpedia.org/resource/Pound_sterling	http://dbpedia.org/resource/Alaska	http://dbpedia.org/resource/Sterling,_Alaska	http://dbpedia.org/resource/Alaska	C
city:aloha	citylocatedinstate	stateorprovince:oregon	http://dbpedia.org/resource/Aloha	http://dbpedia.org/resource/Oregon	http://dbpedia.org/resource/Aloha,_Oregon	http://dbpedia.org/resource/Oregon	C
city:lafayette	citylocatedinstate	stateorprovince:indiana	http://dbpedia.org/resource/Lafayette,_Louisiana	http://dbpedia.org/resource/Indiana	http://dbpedia.org/resource/Lafayette,_Indiana	http://dbpedia.org/resource/Indiana	C
city:bartow	citylocatedinstate	stateorprovince:georgia	http://dbpedia.org/resource/National_Register_of_Historic_Places_listings_in_Bartow_County,_Georgia	http://dbpedia.org/resource/Georgia_(U.S._state)	http://dbpedia.org/resource/Bartow_County,_Georgia	http://dbpedia.org/resource/Georgia_(U.S._state)	IC
city:bremen	citylocatedinstate	stateorprovince:georgia	http://dbpedia.org/resource/Bremen	http://dbpedia.org/resource/Georgia_(U.S._state)	http://dbpedia.org/resource/Bremen,_Georgia	http://dbpedia.org/resource/Georgia_(U.S._state)	C
city:lake_forest	citylocatedinstate	stateorprovince:california	http://dbpedia.org/resource/Lake_Forest,_Illinois	http://dbpedia.org/resource/California	http://dbpedia.org/resource/Lake_Forest,_California	http://dbpedia.org/resource/California	C
city:orleans	citylocatedinstate	stateorprovince:vermont	http://dbpedia.org/resource/Orléans	http://dbpedia.org/resource/Vermont	http://dbpedia.org/resource/Orleans,_Vermont	http://dbpedia.org/resource/Vermont	C
city:barbourville	citylocatedinstate	stateorprovince:kentucky	http://dbpedia.org/resource/Barbourville,_Kentucky	http://dbpedia.org/resource/Kentucky	http://dbpedia.org/resource/Barbourville,_Kentucky	http://dbpedia.org/resource/Kentucky	C
city:east_greenwich	citylocatedinstate	stateorprovince:rhode_island	http://dbpedia.org/resource/East_Greenwich,_Rhode_Island	http://dbpedia.org/resource/Rhode_Island	http://dbpedia.org/resource/East_Greenwich,_Rhode_Island	http://dbpedia.org/resource/Rhode_Island	C
city:south_kingstown	citylocatedinstate	stateorprovince:rhode_island	http://dbpedia.org/resource/South_Kingstown,_Rhode_Island	http://dbpedia.org/resource/Rhode_Island	http://dbpedia.org/resource/South_Kingstown,_Rhode_Island	http://dbpedia.org/resource/Rhode_Island	C
city:atascadero	citylocatedinstate	stateorprovince:california	http://dbpedia.org/resource/Atascadero,_California	http://dbpedia.org/resource/California	http://dbpedia.org/resource/Atascadero,_California	http://dbpedia.org/resource/California	C
city:hope	citylocatedinstate	stateorprovince:arkansas	http://dbpedia.org/resource/Hope	http://dbpedia.org/resource/Arkansas	http://dbpedia.org/resource/Hope,_Arkansas	http://dbpedia.org/resource/Arkansas	C
city:senatobia	citylocatedinstate	stateorprovince:mississippi	http://dbpedia.org/resource/Senatobia,_Mississippi	http://dbpedia.org/resource/Mississippi	http://dbpedia.org/resource/Senatobia,_Mississippi	http://dbpedia.org/resource/Mississippi	C
city:lyon	citylocatedinstate	stateorprovince:nevada	http://dbpedia.org/resource/Lyon	http://dbpedia.org/resource/Nevada	http://dbpedia.org/resource/Lyon_County,_Nevada	http://dbpedia.org/resource/Nevada	IC
city:lubbock	citylocatedinstate	stateorprovince:texas	http://dbpedia.org/resource/Lubbock,_Texas	http://dbpedia.org/resource/Texas	http://dbpedia.org/resource/Lubbock,_Texas	http://dbpedia.org/resource/Texas	C
city:hartsville	citylocatedinstate	stateorprovince:south_carolina	http://dbpedia.org/resource/Hartsville,_South_Carolina	http://dbpedia.org/resource/South_Carolina	http://dbpedia.org/resource/Hartsville,_South_Carolina	http://dbpedia.org/resource/South_Carolina	C
city:alamo_heights	citylocatedinstate	stateorprovince:texas	http://dbpedia.org/resource/Alamo_Heights,_Texas	http://dbpedia.org/resource/Texas	http://dbpedia.org/resource/Alamo_Heights,_Texas	http://dbpedia.org/resource/Texas	C
city:cottage_lake	citylocatedinstate	stateorprovince:washington	http://dbpedia.org/resource/Cottage_Lake,_Washington	http://dbpedia.org/resource/Washington_(state)	http://dbpedia.org/resource/Cottage_Lake,_Washington	http://dbpedia.org/resource/Washington_(state)	C
city:seymour	citylocatedinstate	stateorprovince:connecticut	http://dbpedia.org/resource/Seymour,_Victoria	http://dbpedia.org/resource/Connecticut	http://dbpedia.org/resource/Seymour,_Connecticut	http://dbpedia.org/resource/Connecticut	C
city:ettrick	citylocatedinstate	stateorprovince:virginia	http://dbpedia.org/resource/Ettrick,_Scotland	http://dbpedia.org/resource/Virgínia	http://dbpedia.org/resource/Ettrick,_Virginia	http://dbpedia.org/resource/Virgínia	C
city:maryville	citylocatedinstate	stateorprovince:northwest_missouri	http://dbpedia.org/resource/Maryville,_Tennessee	http://dbpedia.org/resource/Northwest_Missouri_State_University	http://dbpedia.org/resource/Maryville,_Missouri	http://dbpedia.org/resource/Missouri	C
city:chicago_ridge	citylocatedinstate	stateorprovince:illinois	http://dbpedia.org/resource/Chicago_Ridge,_Illinois	http://dbpedia.org/resource/Illinois	http://dbpedia.org/resource/Chicago_Ridge,_Illinois	http://dbpedia.org/resource/Illinois	C
city:apopka	citylocatedinstate	stateorprovince:florida	http://dbpedia.org/resource/Apopka,_Florida	http://dbpedia.org/resource/Florida	http://dbpedia.org/resource/Apopka,_Florida	http://dbpedia.org/resource/Florida	C
city:cape_girardeau	citylocatedinstate	stateorprovince:missouri	http://dbpedia.org/resource/Cape_Girardeau,_Missouri	http://dbpedia.org/resource/Missouri	http://dbpedia.org/resource/Cape_Girardeau,_Missouri	http://dbpedia.org/resource/Missouri	C
city:solana_beach	citylocatedinstate	stateorprovince:california	http://dbpedia.org/resource/Solana_Beach,_California	http://dbpedia.org/resource/California	http://dbpedia.org/resource/Solana_Beach,_California	http://dbpedia.org/resource/California	C
city:fort_mitchell	citylocatedinstate	stateorprovince:kentucky	http://dbpedia.org/resource/Fort_Mitchell,_Kentucky	http://dbpedia.org/resource/Kentucky	http://dbpedia.org/resource/Fort_Mitchell,_Kentucky	http://dbpedia.org/resource/Kentucky	C
city:union	citylocatedinstate	stateorprovince:new_jersey	http://dbpedia.org/resource/Union_(American_Civil_War)	http://dbpedia.org/resource/New_Jersey	http://dbpedia.org/resource/Union,_New_Jersey	http://dbpedia.org/resource/New_Jersey	C
city:kokomo	citylocatedinstate	stateorprovince:indiana	http://dbpedia.org/resource/Kokomo,_Indiana	http://dbpedia.org/resource/Indiana	http://dbpedia.org/resource/Kokomo,_Indiana	http://dbpedia.org/resource/Indiana	C
city:corona_del_mar	citylocatedinstate	stateorprovince:california	http://dbpedia.org/resource/Corona_del_Mar,_Newport_Beach	http://dbpedia.org/resource/California	http://dbpedia.org/resource/Corona_del_Mar,_California	http://dbpedia.org/resource/California	C
city:chaffee	citylocatedinstate	stateorprovince:colorado	http://dbpedia.org/resource/Chaffee_County,_Colorado	http://dbpedia.org/resource/Colorado	http://dbpedia.org/resource/Chaffee_County,_Colorado	http://dbpedia.org/resource/Colorado	IC
city:east_orange	citylocatedinstate	stateorprovince:new_jersey	http://dbpedia.org/resource/East_Orange,_New_Jersey	http://dbpedia.org/resource/New_Jersey	http://dbpedia.org/resource/East_Orange,_New_Jersey	http://dbpedia.org/resource/New_Jersey	C
city:rockingham	citylocatedinstate	stateorprovince:new_hampshire	http://dbpedia.org/resource/Rockingham_County,_New_Hampshire	http://dbpedia.org/resource/New_Hampshire	http://dbpedia.org/resource/Rockingham_County,_New_Hampshire	http://dbpedia.org/resource/New_Hampshire	IC
city:belleville	citylocatedinstate	stateorprovince:illinois	http://dbpedia.org/resource/Belleville,_Ontario	http://dbpedia.org/resource/Illinois	http://dbpedia.org/resource/Belleville,_Illinois	http://dbpedia.org/resource/Illinois	C
city:torrance	citylocatedinstate	stateorprovince:new_mexico	http://dbpedia.org/resource/Torrance,_California	http://dbpedia.org/resource/New_Mexico	http://dbpedia.org/resource/Torrance_County,_New_Mexico	http://dbpedia.org/resource/New_Mexico	IC
city:marysville	citylocatedinstate	stateorprovince:washington	http://dbpedia.org/resource/Marysville,_California	http://dbpedia.org/resource/Washington_(state)	http://dbpedia.org/resource/Marysville,_Washington	http://dbpedia.org/resource/Washington_(state)	C
city:covington	citylocatedinstate	stateorprovince:louisiana	http://dbpedia.org/resource/Covington,_Kentucky	http://dbpedia.org/resource/Louisiana	http://dbpedia.org/resource/Covington,_Kentucky	http://dbpedia.org/resource/Louisiana	C
city:aldie	citylocatedinstate	stateorprovince:virginia	http://dbpedia.org/resource/Aldie,_Virginia	http://dbpedia.org/resource/Virgínia	http://dbpedia.org/resource/Aldie,_Virginia	http://dbpedia.org/resource/Virgínia	C
city:kirkwood	citylocatedinstate	stateorprovince:missouri	http://dbpedia.org/resource/Kirkwood,_Missouri	http://dbpedia.org/resource/Missouri	http://dbpedia.org/resource/Kirkwood,_Missouri	http://dbpedia.org/resource/Missouri	C
city:mechanicsville	citylocatedinstate	stateorprovince:virginia	http://dbpedia.org/resource/Mechanicsville,_Virginia	http://dbpedia.org/resource/Virgínia	http://dbpedia.org/resource/Mechanicsville,_Virginia	http://dbpedia.org/resource/Virgínia	C
city:fulton	citylocatedinstate	stateorprovince:missouri	http://dbpedia.org/resource/Fulton_County,_New_York	http://dbpedia.org/resource/Missouri	http://dbpedia.org/resource/Fulton,_Missouri	http://dbpedia.org/resource/Missouri	C
city:new_ulm	citylocatedinstate	stateorprovince:minnesota	http://dbpedia.org/resource/New_Ulm,_Minnesota	http://dbpedia.org/resource/Minnesota	http://dbpedia.org/resource/New_Ulm,_Minnesota	http://dbpedia.org/resource/Minnesota	C
city:clarendon_hills	citylocatedinstate	stateorprovince:illinois	http://dbpedia.org/resource/Clarendon_Hills,_Illinois	http://dbpedia.org/resource/Illinois	http://dbpedia.org/resource/Clarendon_Hills,_Illinois	http://dbpedia.org/resource/Illinois	C
city:murray	citylocatedinstate	stateorprovince:utah	http://dbpedia.org/resource/Murray,_Utah	http://dbpedia.org/resource/Utah	http://dbpedia.org/resource/Murray,_Utah	http://dbpedia.org/resource/Utah	C
city:east_grand_forks	citylocatedinstate	stateorprovince:minnesota	http://dbpedia.org/resource/East_Grand_Forks,_Minnesota	http://dbpedia.org/resource/Minnesota	http://dbpedia.org/resource/East_Grand_Forks,_Minnesota	http://dbpedia.org/resource/Minnesota	C
city:river_falls	citylocatedinstate	stateorprovince:wisconsin	http://dbpedia.org/resource/River_Falls,_Wisconsin	http://dbpedia.org/resource/Wisconsin	http://dbpedia.org/resource/River_Falls,_Wisconsin	http://dbpedia.org/resource/Wisconsin	C
city:auburn_hills	citylocatedinstate	stateorprovince:michigan	http://dbpedia.org/resource/Auburn_Hills,_Michigan	http://dbpedia.org/resource/Michigan	http://dbpedia.org/resource/Auburn_Hills,_Michigan	http://dbpedia.org/resource/Michigan	C
city:coachella	citylocatedinstate	stateorprovince:california	http://dbpedia.org/resource/Coachella_Valley_Music_and_Arts_Festival	http://dbpedia.org/resource/California	http://dbpedia.org/resource/Coachella,_California	http://dbpedia.org/resource/California	C
city:adin	citylocatedinstate	stateorprovince:california	http://dbpedia.org/resource/Adin,_California	http://dbpedia.org/resource/California	http://dbpedia.org/resource/Adin,_California	http://dbpedia.org/resource/California	C
city:orangeburg	citylocatedinstate	stateorprovince:south_carolina	http://dbpedia.org/resource/Orangeburg,_South_Carolina	http://dbpedia.org/resource/South_Carolina	http://dbpedia.org/resource/Orangeburg,_South_Carolina	http://dbpedia.org/resource/South_Carolina	C
city:crystal	citylocatedinstate	stateorprovince:minnesota	http://dbpedia.org/resource/Crystal	http://dbpedia.org/resource/Minnesota	http://dbpedia.org/resource/Crystal,_Minnesota	http://dbpedia.org/resource/Minnesota	C
city:englewood	citylocatedinstate	stateorprovince:florida	http://dbpedia.org/resource/Englewood,_New_Jersey	http://dbpedia.org/resource/Florida	http://dbpedia.org/resource/Englewood,_Florida	http://dbpedia.org/resource/Florida	C
city:east_peoria	citylocatedinstate	stateorprovince:illinois	http://dbpedia.org/resource/East_Peoria,_Illinois	http://dbpedia.org/resource/Illinois	http://dbpedia.org/resource/East_Peoria,_Illinois	http://dbpedia.org/resource/Illinois	C
city:michigan_city	citylocatedinstate	stateorprovince:indiana	http://dbpedia.org/resource/Michigan_City,_Indiana	http://dbpedia.org/resource/Indiana	http://dbpedia.org/resource/Michigan_City,_Indiana	http://dbpedia.org/resource/Indiana	C
city:acoma	citylocatedinstate	stateorprovince:new_mexico	http://dbpedia.org/resource/Acoma_Pueblo	http://dbpedia.org/resource/New_Mexico	http://dbpedia.org/resource/Acoma_Pueblo	http://dbpedia.org/resource/New_Mexico	C
city:cokeville	citylocatedinstate	stateorprovince:wyoming	http://dbpedia.org/resource/Cokeville,_Wyoming	http://dbpedia.org/resource/Wyoming	http://dbpedia.org/resource/Cokeville,_Wyoming	http://dbpedia.org/resource/Wyoming	C
